_id,nombre,apellidos,correo,nacimiento,postal
62aa3cc2cc69abe5f6e65471,ISMAEL MARIA,ARROYOS PLACENTI,ismarrpla915496@movistar.com,1991-12-24 00:00:00,18600
62aa3cc2cc69abe5f6e65472,VERGIL,ROCHINA MATORRAS,verrocmat8819@digi.com,1977-06-04 00:00:00,13810
62aa3cc2cc69abe5f6e65473,ANNY,RODIERA DIOS,annroddio997@gmail.com,1945-06-19 00:00:00,38086
62aa3cc2cc69abe5f6e65474,MIMA,GUANOLUISA REZNICHENKO,mimguarez39608@orange.com,1976-07-18 00:00:00,30480
62aa3cc2cc69abe5f6e65475,JOSETXO,DASTOLI VIGARIO,josdasvig2879@orange.com,1967-11-16 00:00:00,05598
62aa3cc2cc69abe5f6e65476,MARCO MANUEL,CHEBBA SUITINO,marchesui6@vodafone.com ,1964-06-14 00:00:00,80199
62aa3cc2cc69abe5f6e65477,ALMAMY,FETITA ESTEBAS,almfetest52084@jazztel.com,1993-08-20 00:00:00,93830
62aa3cc2cc69abe5f6e65478,GUIFANG,DOBLARE GERLACH,guidobger8790@hotmail.com,1937-06-30 00:00:00,32105
62aa3cc2cc69abe5f6e65479,VAZGEN,BANCIU BENSALEM,vazbanben7743@digi.com,1971-02-28 00:00:00,67195
62aa3cc2cc69abe5f6e6547a,KENDALL,CAROLA ZAINAB,kencarzai79@jazztel.com,1988-08-01 00:00:00,91070
62aa3cc2cc69abe5f6e6547b,XESC,MALASPINA REFAI,xesmalref0@digi.com,1990-01-10 00:00:00,29577
62aa3cc2cc69abe5f6e6547c,AGUSTIN GREGORIO,HERNICA BASTARRICA,aguherbas3716@gmail.com,1999-02-14 00:00:00,27354
62aa3cc2cc69abe5f6e6547d,JAIRO MANUEL,GHANOUN SALAÃ‘O,jaighasal61@digi.com,1963-09-27 00:00:00,82400
62aa3cc2cc69abe5f6e6547e,ISABEL PAZ,DE RODA MIQUELA,isademiq051102@vodafone.com ,1968-05-28 00:00:00,95119
62aa3cc2cc69abe5f6e6547f,DARI,CIPLEU LLERIN,darciplle4433@jazztel.com,1989-04-07 00:00:00,19949
62aa3cc2cc69abe5f6e65480,GUEORGUI,MAI IVASHCHENKO,guemaiiva047323@vodafone.com ,1986-03-04 00:00:00,77201
62aa3cc2cc69abe5f6e65481,ISABEL CRISTINA,SASAKI JARAICES,isasasjar59@orange.com,1968-12-31 00:00:00,34891
62aa3cc2cc69abe5f6e65482,SAADIYA,FRANCAS REINAO,saafrarei8189@jazztel.com,1957-06-20 00:00:00,27631
62aa3cc2cc69abe5f6e65483,SANTACRUZ,OLEIRO ALGOTA,sanolealg5@vodafone.com ,1991-04-29 00:00:00,28352
62aa3cc2cc69abe5f6e65484,ANA ALICIA,USTERO DOBROWOLSKA,anaustdob5@digi.com,1958-03-16 00:00:00,13336
62aa3cc2cc69abe5f6e65485,LEVON,BOUHASSOUN EL HALOUANI,levbouel8567@vodafone.com ,1984-07-31 00:00:00,36927
62aa3cc2cc69abe5f6e65486,PABLO ROMAN,KARBA BORRELLI,pabkarbor59537@hotmail.com,1956-08-07 00:00:00,95887
62aa3cc2cc69abe5f6e65487,ADRIANA SILVIA,LUKASHCHUK ESTARELLAS,adrlukest73@movistar.com,2005-01-11 00:00:00,64742
62aa3cc2cc69abe5f6e65488,JOSE EUSTAQUIO,PIELTAIN MOLLAT,jospiemol703@vodafone.com ,1958-05-29 00:00:00,13078
62aa3cc2cc69abe5f6e65489,CHLOE SOFIA,ZABALEGUI ZALDO,chlzabzal66964@gmail.com,2003-06-20 00:00:00,23986
62aa3cc2cc69abe5f6e6548a,RICARDO ISMAEL,GOODFELLOW JULA,ricgoojul63@orange.com,1957-06-22 00:00:00,31443
62aa3cc2cc69abe5f6e6548b,RAQUEL LAURA,MIRALBES BRADINERAS,raqmirbra6@digi.com,1932-10-05 00:00:00,03364
62aa3cc2cc69abe5f6e6548c,NICOLETA CLAUDIA,PETRI RIUMALLO,nicpetriu089@movistar.com,1998-11-26 00:00:00,44620
62aa3cc2cc69abe5f6e6548d,TIAGO FILIPE,FERNANDEZ PORTILLO RICHES,tiaferric09@vodafone.com ,1982-07-17 00:00:00,71709
62aa3cc2cc69abe5f6e6548e,TABARE,CALZADO RASHEVA,tabcalras13@hotmail.com,1976-09-05 00:00:00,70419
62aa3cc2cc69abe5f6e6548f,ELECTO,IRSANI SASAKI,eleirssas26@gmail.com,1955-05-20 00:00:00,63902
62aa3cc2cc69abe5f6e65490,VLADIMIRS,BONTEA ALBENIZ,vlabonalb299970@digi.com,1973-02-03 00:00:00,44423
62aa3cc2cc69abe5f6e65491,JUAN ROGELIO,PRATCORONA ANGUIOZAR,juapraang011054@hotmail.com,2010-11-15 00:00:00,80002
62aa3cc2cc69abe5f6e65492,JAVIER SANTOS,RISCO CONCHOUSO,javriscon547659@gmail.com,1958-03-22 00:00:00,64129
62aa3cc2cc69abe5f6e65493,WILLY,TIXE TREJOS,wiltixtre7191@gmail.com,1939-08-24 00:00:00,25423
62aa3cc2cc69abe5f6e65494,HUMBERTO DAVID,PENYA PORRERA,humpenpor2@orange.com,1939-12-15 00:00:00,36885
62aa3cc2cc69abe5f6e65495,SILVIA ELIZABETH,JAUNSARAS GEA,siljaugea161@orange.com,1942-01-15 00:00:00,35896
62aa3cc2cc69abe5f6e65496,PELEGRI,TUESTA GUSANO,peltuegus5983@jazztel.com,1941-08-18 00:00:00,43847
62aa3cc2cc69abe5f6e65497,ASSIL,ABOUYACOUB SHEVCHENKO,assaboshe7@vodafone.com ,1936-05-03 00:00:00,30976
62aa3cc2cc69abe5f6e65498,YOLANDA MANUELA,MALHI MACHROUH,yolmalmac0@orange.com,1944-08-11 00:00:00,46882
62aa3cc2cc69abe5f6e65499,YAREY,CHERECHES AIZPIRI,yarcheaiz15@vodafone.com ,1945-12-17 00:00:00,64069
62aa3cc2cc69abe5f6e6549a,JULIO CARLOS,ZANOTTO BAIDES,julzanbai012@hotmail.com,1973-11-07 00:00:00,30476
62aa3cc2cc69abe5f6e6549b,YESENIA CAROLINA,BELOTTI HARREGUY,yesbelhar0221@gmail.com,1931-01-28 00:00:00,12646
62aa3cc2cc69abe5f6e6549c,TEMURI,IFKIRAN ALOBUELA,temifkalo07834@orange.com,1975-02-17 00:00:00,52368
62aa3cc2cc69abe5f6e6549d,CHOUROUK,BUNESCU BUX,chobunbux37@orange.com,1996-07-23 00:00:00,13514
62aa3cc2cc69abe5f6e6549e,URSULA CARMEN,RIDGE GRANILLO,ursridgra182458@movistar.com,2006-01-28 00:00:00,40371
62aa3cc2cc69abe5f6e6549f,EMILSEN,GRACIAN LOZAS,emigraloz8@hotmail.com,1978-04-22 00:00:00,38118
62aa3cc2cc69abe5f6e654a0,TOLENTINO,DORRONSORO RALDES,toldorral065@hotmail.com,1974-02-04 00:00:00,94407
62aa3cc2cc69abe5f6e654a1,YAHIZA,KNIFAH PLESCAN,yahkniple6@orange.com,1933-08-12 00:00:00,32533
62aa3cc2cc69abe5f6e654a2,LAMIAA,GALIACHO TATARU,lamgaltat5958@hotmail.com,2002-08-23 00:00:00,64988
62aa3cc2cc69abe5f6e654a3,ADAM DANIEL,CHU SANFILIPPO,adachusan1@movistar.com,2009-01-29 00:00:00,51115
62aa3cc2cc69abe5f6e654a4,AYA,PAMPLONA ABADA,ayapamaba766140@hotmail.com,1998-05-07 00:00:00,85457
62aa3cc2cc69abe5f6e654a5,AILA,ESTALOTE BENBRAHIM,ailestben8@jazztel.com,1969-03-22 00:00:00,13237
62aa3cc2cc69abe5f6e654a6,YIHAO,CARRUESCO HOLMBERG,yihcarhol30408@gmail.com,1985-06-04 00:00:00,98530
62aa3cc2cc69abe5f6e654a7,LIZARA,NASCU NIASS,liznasnia193189@vodafone.com ,1948-04-20 00:00:00,64574
62aa3cc2cc69abe5f6e654a8,KEVIN ALAN,URIBESALGO GAVALDA,kevurigav650483@movistar.com,1989-05-02 00:00:00,97183
62aa3cc2cc69abe5f6e654a9,ADIEL,DIAB LARPA,adidialar3@digi.com,1964-09-08 00:00:00,26078
62aa3cc2cc69abe5f6e654aa,ESTHER VERONICA,BOUDLAL EL QABTI,estbouel3440@orange.com,1959-01-21 00:00:00,16758
62aa3cc2cc69abe5f6e654ab,DARWIN ALEJANDRO,BASI SOME,darbassom07@vodafone.com ,1949-09-23 00:00:00,46778
62aa3cc2cc69abe5f6e654ac,CRISTIAN ELIAS,LECAROS ENGELBRECHT,crileceng08@vodafone.com ,1961-05-22 00:00:00,51664
62aa3cc2cc69abe5f6e654ad,EL OUIZA,CHANTADA DEVOLDER,elchadev223@jazztel.com,1964-05-20 00:00:00,74541
62aa3cc2cc69abe5f6e654ae,JULIANA CRISTINA,CARREIRO BADELL,julcarbad6@jazztel.com,1934-04-26 00:00:00,79407
62aa3cc2cc69abe5f6e654af,BELINDA CARMEN,COZAS KALMAN,belcozkal350559@vodafone.com ,1978-12-25 00:00:00,20081
62aa3cc2cc69abe5f6e654b0,JACQUELINE ANN,AVI OLIVIERI,jacavioli86730@vodafone.com ,1986-04-11 00:00:00,93841
62aa3cc2cc69abe5f6e654b1,HARRISON,RAEDO EL ACHIR,harraeel5@jazztel.com,1975-03-12 00:00:00,29094
62aa3cc2cc69abe5f6e654b2,JULIA BEATRIZ,HAROUCH SELFA,julharsel07108@orange.com,2001-11-16 00:00:00,79095
62aa3cc2cc69abe5f6e654b3,MARCELO ARIEL,RACHOUK HACHLAF,marrachac85@movistar.com,2008-01-02 00:00:00,95008
62aa3cc2cc69abe5f6e654b4,FEDERICO JAVIER,ARRANS KERKOUR,fedarrker26@jazztel.com,1993-04-21 00:00:00,84782
62aa3cc2cc69abe5f6e654b5,ALEXANDRU ANDREI,ECHAPARE GUACHIZACA,aleechgua159671@movistar.com,1970-07-24 00:00:00,59883
62aa3cc2cc69abe5f6e654b6,GUILLERMO RAMON,URDA FELGUERES,guiurdfel76@digi.com,1940-03-27 00:00:00,52973
62aa3cc2cc69abe5f6e654b7,HERNAN RAFAEL,CAMARO AREOSO,hercamare50@vodafone.com ,1980-07-08 00:00:00,28999
62aa3cc2cc69abe5f6e654b8,VICTORIA JOSE,ALITE HMAMOU,vicalihma19867@gmail.com,1986-12-08 00:00:00,77042
62aa3cc2cc69abe5f6e654b9,ZAIGHAM,BELTEJAR GARDE,zaibelgar033755@digi.com,1988-02-27 00:00:00,74313
62aa3cc2cc69abe5f6e654ba,RAUL JAIME,BETANCURT PENDLETON,raubetpen522@jazztel.com,1972-08-22 00:00:00,86189
62aa3cc2cc69abe5f6e654bb,JUAN FERMIN,AOUISSAT ESQUEMBRI,juaaouesq86543@vodafone.com ,1963-06-26 00:00:00,56462
62aa3cc2cc69abe5f6e654bc,ALINA CAMELIA,FENNAN VELLIDO,alifenvel96289@vodafone.com ,1932-05-25 00:00:00,12902
62aa3cc2cc69abe5f6e654bd,GEMA,YANAKIEV BIC,gemyanbic970@hotmail.com,1955-06-23 00:00:00,03179
62aa3cc2cc69abe5f6e654be,JOANNA MARIA,SANTESTEBAN TEY,joasantey6285@orange.com,1947-08-07 00:00:00,35411
62aa3cc2cc69abe5f6e654bf,JOSE QUINTIN,SATIAN CORT,jossatcor68@gmail.com,1977-02-01 00:00:00,03607
62aa3cc2cc69abe5f6e654c0,AINGERU,SALVI ALPERTE,ainsalalp45038@movistar.com,2009-04-03 00:00:00,07975
62aa3cc2cc69abe5f6e654c1,ANGEL BERNARDO,ABARITURIOZ FAHLI,angabafah7@vodafone.com ,1999-10-31 00:00:00,30636
62aa3cc2cc69abe5f6e654c2,LUCYNA,BOUAZZA FANJUL,lucboufan4887@hotmail.com,1960-12-24 00:00:00,79257
62aa3cc2cc69abe5f6e654c3,ESTELLE,GUBIANAS ALZUETA,estgubalz27234@gmail.com,2000-08-11 00:00:00,52409
62aa3cc2cc69abe5f6e654c4,SHUQI,FORTES FOGARASI,shuforfog38@orange.com,1977-06-17 00:00:00,71065
62aa3cc2cc69abe5f6e654c5,MANUEL ELADIO,ORTEL LLENES,manortlle3879@gmail.com,1963-10-10 00:00:00,12288
62aa3cc2cc69abe5f6e654c6,CONCEPCION ESPERANZA,WEN DI SANTO,conwendi39269@orange.com,1954-07-09 00:00:00,52930
62aa3cc2cc69abe5f6e654c7,NAYIM,TRASVERSO CAMARILLAS,naytracam020337@digi.com,1970-04-24 00:00:00,15442
62aa3cc2cc69abe5f6e654c8,IVANA LORENA,MONTIN GRAFULLA,ivamongra1@digi.com,1977-03-19 00:00:00,90591
62aa3cc2cc69abe5f6e654c9,JAIRA,BELHADEF VECCHIO,jaibelvec58@movistar.com,1942-12-18 00:00:00,86377
62aa3cc2cc69abe5f6e654ca,LAYE,PRETO LLANZA,layprella7@vodafone.com ,1974-08-25 00:00:00,31607
62aa3cc2cc69abe5f6e654cb,MARIA MONFRAGUE,MAYNE BAZTAN,marmaybaz2601@movistar.com,1976-05-04 00:00:00,52747
62aa3cc2cc69abe5f6e654cc,VALERIA ALEJANDRA,DEMUREZ ESPINACO,valdemesp8@movistar.com,1960-02-08 00:00:00,25983
62aa3cc2cc69abe5f6e654cd,YURENA CARMEN,NALVAIZ ALACA,yurnalala36993@gmail.com,1930-05-23 00:00:00,57261
62aa3cc2cc69abe5f6e654ce,TESSIE,CITORES EL QADI,tescitel7807@orange.com,2009-05-14 00:00:00,86337
62aa3cc2cc69abe5f6e654cf,VIKRAM,MOUNTABIH LIROZ,vikmoulir84896@gmail.com,1984-11-06 00:00:00,02210
62aa3cc2cc69abe5f6e654d0,WIOLETA,SORIGO MASAGU,wiosormas415@movistar.com,1987-10-28 00:00:00,85991
62aa3cc2cc69abe5f6e654d1,ARIEL ENRIQUE,MARCHITO MANRIQUE,arimarman2722@gmail.com,1948-05-20 00:00:00,90949
62aa3cc2cc69abe5f6e654d2,AUGUSTO ANTONIO,MAENCH POPICA,augmaepop467222@movistar.com,1946-11-10 00:00:00,98951
62aa3cc2cc69abe5f6e654d3,JOSE ELEAZAR,CICAI LIRA,josciclir66828@movistar.com,1994-06-11 00:00:00,82547
62aa3cc2cc69abe5f6e654d4,TARSICIO,BELEAN MORATALLA,tarbelmor2@digi.com,1998-06-27 00:00:00,52891
