_id,user,follow
62aa3eda6b166f14349225be,adachusan1@movistar.com,annroddio997@gmail.com
62aa3eda6b166f14349225bf,sanolealg5@vodafone.com ,lamgaltat5958@hotmail.com
62aa3eda6b166f14349225c0,julzanbai012@hotmail.com,isasasjar59@orange.com
62aa3eda6b166f14349225c1,guiurdfel76@digi.com,adidialar3@digi.com
62aa3eda6b166f14349225c2,ivamongra1@digi.com,julzanbai012@hotmail.com
62aa3eda6b166f14349225c3,almfetest52084@jazztel.com,angabafah7@vodafone.com 
62aa3eda6b166f14349225c4,emigraloz8@hotmail.com,ricgoojul63@orange.com
62aa3eda6b166f14349225c5,guidobger8790@hotmail.com,jospiemol703@vodafone.com 
62aa3eda6b166f14349225c6,ivamongra1@digi.com,josciclir66828@movistar.com
62aa3eda6b166f14349225c7,assaboshe7@vodafone.com ,almfetest52084@jazztel.com
62aa3eda6b166f14349225c8,raubetpen522@jazztel.com,alifenvel96289@vodafone.com 
62aa3eda6b166f14349225c9,tarbelmor2@digi.com,marrachac85@movistar.com
62aa3eda6b166f14349225ca,toldorral065@hotmail.com,vlabonalb299970@digi.com
62aa3eda6b166f14349225cb,guemaiiva047323@vodafone.com ,peltuegus5983@jazztel.com
62aa3eda6b166f14349225cc,darciplle4433@jazztel.com,yihcarhol30408@gmail.com
62aa3eda6b166f14349225cd,crileceng08@vodafone.com ,julharsel07108@orange.com
62aa3eda6b166f14349225ce,ivamongra1@digi.com,annroddio997@gmail.com
62aa3eda6b166f14349225cf,isademiq051102@vodafone.com ,julharsel07108@orange.com
62aa3eda6b166f14349225d0,vlabonalb299970@digi.com,guemaiiva047323@vodafone.com 
62aa3eda6b166f14349225d1,chlzabzal66964@gmail.com,guemaiiva047323@vodafone.com 
62aa3eda6b166f14349225d2,peltuegus5983@jazztel.com,raqmirbra6@digi.com
62aa3eda6b166f14349225d3,pabkarbor59537@hotmail.com,ursridgra182458@movistar.com
62aa3eda6b166f14349225d4,adachusan1@movistar.com,augmaepop467222@movistar.com
62aa3eda6b166f14349225d5,joasantey6285@orange.com,kencarzai79@jazztel.com
62aa3eda6b166f14349225d6,alifenvel96289@vodafone.com ,isademiq051102@vodafone.com 
62aa3eda6b166f14349225d7,anaustdob5@digi.com,valdemesp8@movistar.com
62aa3eda6b166f14349225d8,marrachac85@movistar.com,annroddio997@gmail.com
62aa3eda6b166f14349225d9,darciplle4433@jazztel.com,tescitel7807@orange.com
62aa3eda6b166f14349225da,isademiq051102@vodafone.com ,ismarrpla915496@movistar.com
62aa3eda6b166f14349225db,yolmalmac0@orange.com,darciplle4433@jazztel.com
62aa3eda6b166f14349225dc,emigraloz8@hotmail.com,harraeel5@jazztel.com
62aa3eda6b166f14349225dd,arimarman2722@gmail.com,tiaferric09@vodafone.com 
62aa3eda6b166f14349225de,jacavioli86730@vodafone.com ,siljaugea161@orange.com
62aa3eda6b166f14349225df,yahkniple6@orange.com,guidobger8790@hotmail.com
62aa3eda6b166f14349225e0,anaustdob5@digi.com,harraeel5@jazztel.com
62aa3eda6b166f14349225e1,mimguarez39608@orange.com,isademiq051102@vodafone.com 
62aa3eda6b166f14349225e2,guiurdfel76@digi.com,aguherbas3716@gmail.com
62aa3eda6b166f14349225e3,adachusan1@movistar.com,jospiemol703@vodafone.com 
62aa3eda6b166f14349225e4,arimarman2722@gmail.com,liznasnia193189@vodafone.com 
62aa3eda6b166f14349225e5,assaboshe7@vodafone.com ,kevurigav650483@movistar.com
62aa3eda6b166f14349225e6,jospiemol703@vodafone.com ,ivamongra1@digi.com
62aa3eda6b166f14349225e7,vlabonalb299970@digi.com,belcozkal350559@vodafone.com 
62aa3eda6b166f14349225e8,vicalihma19867@gmail.com,lamgaltat5958@hotmail.com
62aa3eda6b166f14349225e9,chobunbux37@orange.com,valdemesp8@movistar.com
62aa3eda6b166f14349225ea,belcozkal350559@vodafone.com ,wiltixtre7191@gmail.com
62aa3eda6b166f14349225eb,estbouel3440@orange.com,pabkarbor59537@hotmail.com
62aa3eda6b166f14349225ec,belcozkal350559@vodafone.com ,estgubalz27234@gmail.com
62aa3eda6b166f14349225ed,annroddio997@gmail.com,yurnalala36993@gmail.com
62aa3eda6b166f14349225ee,ismarrpla915496@movistar.com,zaibelgar033755@digi.com
62aa3eda6b166f14349225ef,adrlukest73@movistar.com,chobunbux37@orange.com
