_id,user,title,year
62aa3d916b166f1434922337,eleirssas26@gmail.com,The Ides of March,2011
62aa3d976b166f1434922348,josdasvig2879@orange.com,The Ring Two,2005
62aa3d976b166f143492234b,guemaiiva047323@vodafone.com ,Madagascar 3: Europe's Most Wanted,2012
62aa3d996b166f1434922356,joasantey6285@orange.com,Where Hope Grows,2014
62aa3d9a6b166f1434922359,alifenvel96289@vodafone.com ,White Rabbit,2018
62aa3d9a6b166f143492235c,jacavioli86730@vodafone.com ,In the Blood,2014
62aa3d9b6b166f1434922363,humpenpor2@orange.com,Amadeus,1984
62aa3da06b166f1434922374,aleechgua159671@movistar.com,Rogue One: A Star Wars Story,2016
62aa3da16b166f1434922379,gemyanbic970@hotmail.com,The African Queen,1951
62aa3da66b166f143492238b,adidialar3@digi.com,Sliver,1993
62aa3da76b166f1434922390,xesmalref0@digi.com,The Hollars,2016
62aa3dad6b166f14349223aa,gemyanbic970@hotmail.com,Opening Night,1977
62aa3dae6b166f14349223ae,julharsel07108@orange.com,The Gumball Rally,1976
62aa3db46b166f14349223c3,peltuegus5983@jazztel.com,Daltry Calhoun,2005
62aa3db76b166f14349223cf,gemyanbic970@hotmail.com,The Zero Theorem,2013
62aa3db96b166f14349223d6,joasantey6285@orange.com,Krystal,2017
62aa3dc06b166f14349223f4,marchesui6@vodafone.com ,Star Trek: First Contact,1996
62aa3dc26b166f14349223fb,anaustdob5@digi.com,Wolfen,1981
62aa3dc46b166f1434922402,fedarrker26@jazztel.com,My Little Pony: The Movie,2017
62aa3dc66b166f143492240b,vlabonalb299970@digi.com,Lord of War,2005
62aa3dd46b166f1434922414,naytracam020337@digi.com,Are We Not Cats,2016
62aa3ddf6b166f1434922438,vikmoulir84896@gmail.com,Gone Baby Gone,2007
62aa3de86b166f1434922451,alifenvel96289@vodafone.com ,Cloudy with a Chance of Meatballs 2,2013
62aa3de96b166f1434922455,ursridgra182458@movistar.com,Battleship,2012
62aa3dec6b166f1434922460,raqmirbra6@digi.com,Adam & Steve,2005
62aa3df16b166f1434922470,naytracam020337@digi.com,The Postman,1997
62aa3df26b166f1434922472,mimguarez39608@orange.com,The Vast of Night,2019
62aa3df86b166f1434922487,assaboshe7@vodafone.com ,Dirty Dancing: Havana Nights,2004
62aa3dfa6b166f143492248c,juaaouesq86543@vodafone.com ,D.E.B.S.,2004
62aa3dfe6b166f143492249e,angabafah7@vodafone.com ,Year One,2009
62aa3dff6b166f14349224a2,emigraloz8@hotmail.com,Rick,2003
62aa3e016b166f14349224a8,ursridgra182458@movistar.com,Shadow: Dead Riot,2006
62aa3e036b166f14349224af,ursridgra182458@movistar.com,The Brothers McMullen,1995
62aa3e046b166f14349224b3,lucboufan4887@hotmail.com,Bedazzled,2000
62aa3e046b166f14349224b5,javriscon547659@gmail.com,Snipes,2001
62aa3e0e6b166f14349224db,ivamongra1@digi.com,King of the Mountain,1981
62aa3e106b166f14349224e1,siljaugea161@orange.com,Beneath,2013
62aa3e556b166f14349224ee,aleechgua159671@movistar.com,Journey to the Center of the Earth,2008
62aa3e576b166f14349224f3,xesmalref0@digi.com,Breakin',1984
62aa3e586b166f14349224f8,estgubalz27234@gmail.com,The Tuxedo,2002
62aa3e656b166f1434922524,tescitel7807@orange.com,Thief,1981
62aa3e666b166f1434922528,harraeel5@jazztel.com,Coming Through the Rye,2015
62aa3e7a6b166f1434922571,aguherbas3716@gmail.com,Stars in Shorts,2012
62aa3e7b6b166f1434922576,eleirssas26@gmail.com,Stroker Ace,1983
62aa3e7f6b166f1434922586,julcarbad6@jazztel.com,X-Men: Dark Phoenix,2019
62aa3e826b166f1434922592,hercamare50@vodafone.com ,Surviving Christmas,2004
62aa3e836b166f1434922596,julzanbai012@hotmail.com,Bad Words,2013
62aa3e896b166f14349225aa,zaibelgar033755@digi.com,Motherhood,2009
62aa3e8a6b166f14349225b1,saafrarei8189@jazztel.com,The Glass House,2001
62aa3e8c6b166f14349225b8,jaibelvec58@movistar.com,Midnight Sun,2018
